{"cameraMode":{"drawMode":0,"name":"Shaded","section":"Shading Mode"},"sceneLighting":false,"audioPlay":false,"sceneViewState":{"showFog":true,"showMaterialUpdate":true,"showSkybox":true,"showFlares":true,"showImageEffects":true,"showParticleSystems":true},"in2DMode":false,"pivot":{"x":-73.0999984741211,"y":3.999999523162842,"z":-15.0},"rotation":{"x":-0.13429056107997895,"y":-0.04073406755924225,"z":0.005422794260084629,"w":-0.9900895953178406},"size":20.747434616088868,"orthographic":false}