{"cameraMode":{"drawMode":0,"name":"Shaded","section":"Shading Mode"},"sceneLighting":false,"audioPlay":false,"sceneViewState":{"showFog":true,"showMaterialUpdate":true,"showSkybox":true,"showFlares":true,"showImageEffects":true,"showParticleSystems":true},"in2DMode":false,"pivot":{"x":16.943702697753908,"y":17.0439510345459,"z":3.6425580978393556},"rotation":{"x":-0.2071298360824585,"y":0.0393061563372612,"z":-0.00832925271242857,"w":-0.977488100528717},"size":1.9176985025405884,"orthographic":false}