{"cameraMode":{"drawMode":0,"name":"Shaded","section":"Shading Mode"},"sceneLighting":false,"audioPlay":false,"sceneViewState":{"showFog":true,"showMaterialUpdate":true,"showSkybox":true,"showFlares":true,"showImageEffects":true,"showParticleSystems":true},"in2DMode":false,"pivot":{"x":16.97774887084961,"y":16.99188995361328,"z":3.6495566368103029},"rotation":{"x":-0.13177572190761567,"y":0.047255031764507297,"z":-0.006289388984441757,"w":-0.9901325702667236},"size":1.1610097885131837,"orthographic":false}