{"cameraMode":{"drawMode":0,"name":"Shaded","section":"Shading Mode"},"sceneLighting":false,"audioPlay":false,"sceneViewState":{"showFog":true,"showMaterialUpdate":true,"showSkybox":true,"showFlares":true,"showImageEffects":true,"showParticleSystems":true},"in2DMode":false,"pivot":{"x":16.943702697753908,"y":17.0439510345459,"z":3.6425578594207765},"rotation":{"x":0.13310174643993379,"y":-0.7024033069610596,"z":0.13647696375846864,"w":0.6857751607894898},"size":1.9176985025405884,"orthographic":false}