{"cameraMode":{"drawMode":0,"name":"Shaded","section":"Shading Mode"},"sceneLighting":false,"audioPlay":false,"sceneViewState":{"showFog":true,"showMaterialUpdate":true,"showSkybox":true,"showFlares":true,"showImageEffects":true,"showParticleSystems":true},"in2DMode":false,"pivot":{"x":18.62529754638672,"y":18.571584701538087,"z":-5.811729431152344},"rotation":{"x":0.26548171043395998,"y":0.6029805541038513,"z":-0.22262918949127198,"w":0.7185890078544617},"size":1.9895260334014893,"orthographic":false}