{"cameraMode":{"drawMode":0,"name":"Shaded","section":"Shading Mode"},"sceneLighting":false,"audioPlay":false,"sceneViewState":{"showFog":true,"showMaterialUpdate":true,"showSkybox":true,"showFlares":true,"showImageEffects":true,"showParticleSystems":true},"in2DMode":false,"pivot":{"x":17.066364288330079,"y":16.373926162719728,"z":3.152731418609619},"rotation":{"x":-0.41486966609954836,"y":0.006541645620018244,"z":-0.002983120270073414,"w":-0.9098524451255798},"size":1.9176963567733765,"orthographic":false}