{"cameraMode":{"drawMode":0,"name":"Shaded","section":"Shading Mode"},"sceneLighting":false,"audioPlay":false,"sceneViewState":{"showFog":true,"showMaterialUpdate":true,"showSkybox":true,"showFlares":true,"showImageEffects":true,"showParticleSystems":true},"in2DMode":false,"pivot":{"x":1.7881393432617188e-7,"y":0.0,"z":-2.2351741790771485e-7},"rotation":{"x":-0.2071298360824585,"y":0.0393061563372612,"z":-0.00832925271242857,"w":-0.977488100528717},"size":1.9176971912384034,"orthographic":false}