{"cameraMode":{"drawMode":0,"name":"Shaded","section":"Shading Mode"},"sceneLighting":false,"audioPlay":false,"sceneViewState":{"showFog":true,"showMaterialUpdate":true,"showSkybox":true,"showFlares":true,"showImageEffects":true,"showParticleSystems":true},"in2DMode":false,"pivot":{"x":-41.650001525878909,"y":4.25,"z":-43.04999923706055},"rotation":{"x":-0.18096841871738435,"y":-0.2938147187232971,"z":0.05675540864467621,"w":-0.9368576407432556},"size":202.99392700195313,"orthographic":false}