{"cameraMode":{"drawMode":0,"name":"Shaded","section":"Shading Mode"},"sceneLighting":false,"audioPlay":false,"sceneViewState":{"showFog":true,"showMaterialUpdate":true,"showSkybox":true,"showFlares":true,"showImageEffects":true,"showParticleSystems":true},"in2DMode":false,"pivot":{"x":-24.800045013427736,"y":7.0,"z":-58.10029602050781},"rotation":{"x":-0.3055732250213623,"y":-0.03940732032060623,"z":0.012659251689910889,"w":-0.9512685537338257},"size":223.1607208251953,"orthographic":false}