{"cameraMode":{"drawMode":0,"name":"Shaded","section":"Shading Mode"},"sceneLighting":false,"audioPlay":false,"sceneViewState":{"showFog":true,"showMaterialUpdate":true,"showSkybox":true,"showFlares":true,"showImageEffects":true,"showParticleSystems":true},"in2DMode":false,"pivot":{"x":-10.399999618530274,"y":3.999999523162842,"z":132.10000610351563},"rotation":{"x":-0.18096841871738435,"y":-0.2938147187232971,"z":0.05675540864467621,"w":-0.9368576407432556},"size":20.747419357299806,"orthographic":false}