{"cameraMode":{"drawMode":0,"name":"Shaded","section":"Shading Mode"},"sceneLighting":false,"audioPlay":false,"sceneViewState":{"showFog":true,"showMaterialUpdate":true,"showSkybox":true,"showFlares":true,"showImageEffects":true,"showParticleSystems":true},"in2DMode":false,"pivot":{"x":-95.69999694824219,"y":31.099998474121095,"z":-89.5999984741211},"rotation":{"x":0.3686177432537079,"y":0.5981374979019165,"z":-0.3588007390499115,"w":0.6145035624504089},"size":200.05186462402345,"orthographic":false}