{"cameraMode":{"drawMode":0,"name":"Shaded","section":"Shading Mode"},"sceneLighting":false,"audioPlay":false,"sceneViewState":{"showFog":false,"showMaterialUpdate":false,"showSkybox":false,"showFlares":false,"showImageEffects":false,"showParticleSystems":false},"in2DMode":false,"pivot":{"x":231.3192138671875,"y":2304.523193359375,"z":17.48193359375},"rotation":{"x":-0.16901226341724397,"y":-0.5814183950424194,"z":0.1250254511833191,"w":-0.7859746813774109},"size":469.4344177246094,"orthographic":true}