{"cameraMode":{"drawMode":0,"name":"Shaded","section":"Shading Mode"},"sceneLighting":false,"audioPlay":false,"sceneViewState":{"showFog":true,"showMaterialUpdate":true,"showSkybox":true,"showFlares":true,"showImageEffects":true,"showParticleSystems":true},"in2DMode":false,"pivot":{"x":1.7881393432617188e-7,"y":0.7609408497810364,"z":-0.032075293362140658},"rotation":{"x":-0.37909048795700076,"y":0.0019414222333580256,"z":-0.0007946201367303729,"w":-0.9253572821617127},"size":3.160022497177124,"orthographic":false}