{"cameraMode":{"drawMode":0,"name":"Shaded","section":"Shading Mode"},"sceneLighting":false,"audioPlay":false,"sceneViewState":{"showFog":true,"showMaterialUpdate":true,"showSkybox":true,"showFlares":true,"showImageEffects":true,"showParticleSystems":true},"in2DMode":false,"pivot":{"x":0.000003814697265625,"y":11.335512161254883,"z":0.08906328678131104},"rotation":{"x":-0.37909048795700076,"y":0.0019414222333580256,"z":-0.0007946201367303729,"w":-0.9253572821617127},"size":29.715307235717775,"orthographic":false}