{"cameraMode":{"drawMode":0,"name":"Shaded","section":"Shading Mode"},"sceneLighting":false,"audioPlay":false,"sceneViewState":{"showFog":true,"showMaterialUpdate":true,"showSkybox":true,"showFlares":true,"showImageEffects":true,"showParticleSystems":true},"in2DMode":false,"pivot":{"x":-131.77853393554688,"y":4.615447998046875,"z":687.2037353515625},"rotation":{"x":-0.10647318512201309,"y":0.04979056864976883,"z":-0.0053384569473564629,"w":-0.9930538535118103},"size":2311.084716796875,"orthographic":true}