{"cameraMode":{"drawMode":0,"name":"Shaded","section":"Shading Mode"},"sceneLighting":false,"audioPlay":false,"sceneViewState":{"showFog":true,"showMaterialUpdate":true,"showSkybox":true,"showFlares":true,"showImageEffects":true,"showParticleSystems":true},"in2DMode":false,"pivot":{"x":-0.002267301082611084,"y":1.8910369873046876,"z":0.2651296854019165},"rotation":{"x":-0.1760149896144867,"y":0.6393783688545227,"z":-0.1536303162574768,"w":-0.7325379252433777},"size":11.30992317199707,"orthographic":false}