{"cameraMode":{"drawMode":0,"name":"Shaded","section":"Shading Mode"},"sceneLighting":false,"audioPlay":false,"sceneViewState":{"showFog":true,"showMaterialUpdate":true,"showSkybox":true,"showFlares":true,"showImageEffects":true,"showParticleSystems":true},"in2DMode":false,"pivot":{"x":651.7000122070313,"y":18.100000381469728,"z":218.60000610351563},"rotation":{"x":-0.30787187814712527,"y":-0.6333184838294983,"z":0.30384278297424319,"w":-0.6417182683944702},"size":22.0,"orthographic":false}