{"cameraMode":{"drawMode":0,"name":"Shaded","section":"Shading Mode"},"sceneLighting":false,"audioPlay":false,"sceneViewState":{"showFog":true,"showMaterialUpdate":true,"showSkybox":true,"showFlares":true,"showImageEffects":true,"showParticleSystems":true},"in2DMode":false,"pivot":{"x":-6.764929294586182,"y":3.564929485321045,"z":67.61492919921875},"rotation":{"x":-0.35461634397506716,"y":-0.061089616268873218,"z":0.0232264194637537,"w":-0.9327250123023987},"size":226.4518280029297,"orthographic":false}