{"cameraMode":{"drawMode":0,"name":"Shaded","section":"Shading Mode"},"sceneLighting":false,"audioPlay":false,"sceneViewState":{"showFog":false,"showMaterialUpdate":false,"showSkybox":false,"showFlares":false,"showImageEffects":false,"showParticleSystems":false},"in2DMode":false,"pivot":{"x":-0.6450786590576172,"y":-4.9206109046936039,"z":-48.98110580444336},"rotation":{"x":-0.17996466159820558,"y":0.6670836210250855,"z":-0.17090989649295808,"w":-0.7024258375167847},"size":45.28432846069336,"orthographic":false}