{"cameraMode":{"drawMode":0,"name":"Shaded","section":"Shading Mode"},"sceneLighting":false,"audioPlay":false,"sceneViewState":{"showFog":true,"showMaterialUpdate":true,"showSkybox":true,"showFlares":true,"showImageEffects":true,"showParticleSystems":true},"in2DMode":false,"pivot":{"x":19.802875518798829,"y":27.213912963867189,"z":-96.22435760498047},"rotation":{"x":-0.30787187814712527,"y":-0.6333184838294983,"z":0.30384278297424319,"w":-0.6417182683944702},"size":141.42218017578126,"orthographic":false}