{"cameraMode":{"drawMode":0,"name":"Shaded","section":"Shading Mode"},"sceneLighting":false,"audioPlay":false,"sceneViewState":{"showFog":true,"showMaterialUpdate":true,"showSkybox":true,"showFlares":true,"showImageEffects":true,"showParticleSystems":true},"in2DMode":false,"pivot":{"x":0.2331046760082245,"y":1.2718515396118165,"z":0.45982837677001955},"rotation":{"x":0.29492998123168948,"y":0.010028820484876633,"z":-0.003101608483120799,"w":0.9554612040519714},"size":2.233555316925049,"orthographic":true}