{"cameraMode":{"drawMode":0,"name":"Shaded","section":"Shading Mode"},"sceneLighting":false,"audioPlay":false,"sceneViewState":{"showFog":true,"showMaterialUpdate":true,"showSkybox":true,"showFlares":true,"showImageEffects":true,"showParticleSystems":true},"in2DMode":false,"pivot":{"x":88.50354766845703,"y":11.10800552368164,"z":-85.27265930175781},"rotation":{"x":-0.37909048795700076,"y":0.0019414222333580256,"z":-0.0007946201367303729,"w":-0.9253572821617127},"size":27.011198043823243,"orthographic":false}