{"cameraMode":{"drawMode":0,"name":"Shaded","section":"Shading Mode"},"sceneLighting":false,"audioPlay":false,"sceneViewState":{"showFog":true,"showMaterialUpdate":true,"showSkybox":true,"showFlares":true,"showImageEffects":true,"showParticleSystems":true},"in2DMode":false,"pivot":{"x":916.7999877929688,"y":40.85559844970703,"z":638.3801879882813},"rotation":{"x":-0.30787187814712527,"y":-0.6333184838294983,"z":0.30384278297424319,"w":-0.6417182683944702},"size":272.302978515625,"orthographic":false}