{"cameraMode":{"drawMode":0,"name":"Shaded","section":"Shading Mode"},"sceneLighting":false,"audioPlay":false,"sceneViewState":{"showFog":true,"showMaterialUpdate":true,"showSkybox":true,"showFlares":true,"showImageEffects":true,"showParticleSystems":true},"in2DMode":false,"pivot":{"x":303.7414855957031,"y":15.270389556884766,"z":-99.82321166992188},"rotation":{"x":-0.37909048795700076,"y":0.0019414222333580256,"z":-0.0007946201367303729,"w":-0.9253572821617127},"size":81.8018569946289,"orthographic":false}