{"cameraMode":{"drawMode":0,"name":"Shaded","section":"Shading Mode"},"sceneLighting":false,"audioPlay":false,"sceneViewState":{"showFog":true,"showMaterialUpdate":true,"showSkybox":true,"showFlares":true,"showImageEffects":true,"showParticleSystems":true},"in2DMode":false,"pivot":{"x":276.14404296875,"y":14.999811172485352,"z":-97.0},"rotation":{"x":-0.37909048795700076,"y":0.0019414222333580256,"z":-0.0007946201367303729,"w":-0.9253572821617127},"size":81.50946807861328,"orthographic":false}