{"cameraMode":{"drawMode":0,"name":"Shaded","section":"Shading Mode"},"sceneLighting":false,"audioPlay":false,"sceneViewState":{"showFog":true,"showMaterialUpdate":true,"showSkybox":true,"showFlares":true,"showImageEffects":true,"showParticleSystems":true},"in2DMode":false,"pivot":{"x":-59.599998474121097,"y":0.0,"z":6.100000381469727},"rotation":{"x":-0.18096841871738435,"y":-0.2938147187232971,"z":0.05675540864467621,"w":-0.9368576407432556},"size":28.578840255737306,"orthographic":false}