{"cameraMode":{"drawMode":0,"name":"Shaded","section":"Shading Mode"},"sceneLighting":false,"audioPlay":false,"sceneViewState":{"showFog":true,"showMaterialUpdate":true,"showSkybox":true,"showFlares":true,"showImageEffects":true,"showParticleSystems":true},"in2DMode":false,"pivot":{"x":651.8211059570313,"y":26.7825927734375,"z":218.62339782714845},"rotation":{"x":-0.30787187814712527,"y":-0.6333184838294983,"z":0.30384278297424319,"w":-0.6417182683944702},"size":161.2458038330078,"orthographic":false}