{"cameraMode":{"drawMode":0,"name":"Shaded","section":"Shading Mode"},"sceneLighting":false,"audioPlay":false,"sceneViewState":{"showFog":true,"showMaterialUpdate":true,"showSkybox":true,"showFlares":true,"showImageEffects":true,"showParticleSystems":true},"in2DMode":false,"pivot":{"x":-11.09000015258789,"y":-8.353099822998047,"z":-9.610000610351563},"rotation":{"x":-0.35254719853401186,"y":0.010384971275925637,"z":-0.003911859355866909,"w":-0.9357282519340515},"size":60.01556396484375,"orthographic":false}