{"cameraMode":{"drawMode":0,"name":"Shaded","section":"Shading Mode"},"sceneLighting":false,"audioPlay":false,"sceneViewState":{"showFog":false,"showMaterialUpdate":false,"showSkybox":false,"showFlares":false,"showImageEffects":false,"showParticleSystems":false},"in2DMode":false,"pivot":{"x":-3.4905853271484377,"y":10.6055908203125,"z":9.5450439453125},"rotation":{"x":0.007310188375413418,"y":0.8480709791183472,"z":-0.5297030806541443,"w":0.01170425582677126},"size":3.3701634407043459,"orthographic":true}