{"cameraMode":{"drawMode":0,"name":"Shaded","section":"Shading Mode"},"sceneLighting":false,"audioPlay":false,"sceneViewState":{"showFog":false,"showMaterialUpdate":false,"showSkybox":false,"showFlares":false,"showImageEffects":false,"showParticleSystems":false},"in2DMode":false,"pivot":{"x":-291.00421142578127,"y":49.26897048950195,"z":1438.580810546875},"rotation":{"x":-0.16901226341724397,"y":-0.5814183950424194,"z":0.1250254511833191,"w":-0.7859746813774109},"size":482.84405517578127,"orthographic":true}