{"cameraMode":{"drawMode":0,"name":"Shaded","section":"Shading Mode"},"sceneLighting":false,"audioPlay":false,"sceneViewState":{"showFog":true,"showMaterialUpdate":true,"showSkybox":true,"showFlares":true,"showImageEffects":true,"showParticleSystems":true},"in2DMode":false,"pivot":{"x":-118.5999984741211,"y":11.092703819274903,"z":-98.4000015258789},"rotation":{"x":-0.49098891019821169,"y":-0.015158744528889656,"z":0.008545346558094025,"w":-0.8709920048713684},"size":80.31775665283203,"orthographic":false}