{"cameraMode":{"drawMode":0,"name":"Shaded","section":"Shading Mode"},"sceneLighting":false,"audioPlay":false,"sceneViewState":{"showFog":true,"showMaterialUpdate":true,"showSkybox":true,"showFlares":true,"showImageEffects":true,"showParticleSystems":true},"in2DMode":false,"pivot":{"x":10.802947998046875,"y":-1.7226238250732422,"z":20.855220794677736},"rotation":{"x":-0.35254719853401186,"y":0.010384971275925637,"z":-0.003911859355866909,"w":-0.9357282519340515},"size":60.01556396484375,"orthographic":false}