{"cameraMode":{"drawMode":0,"name":"Shaded","section":"Shading Mode"},"sceneLighting":false,"audioPlay":false,"sceneViewState":{"showFog":true,"showMaterialUpdate":true,"showSkybox":true,"showFlares":true,"showImageEffects":true,"showParticleSystems":true},"in2DMode":false,"pivot":{"x":-15.514476776123047,"y":73.32063293457031,"z":-20.43106460571289},"rotation":{"x":-0.22233015298843385,"y":0.733896791934967,"z":-0.28329798579216006,"w":-0.5759401321411133},"size":618.5706176757813,"orthographic":true}