{"cameraMode":{"drawMode":0,"name":"Shaded","section":"Shading Mode"},"sceneLighting":false,"audioPlay":false,"sceneViewState":{"showFog":false,"showMaterialUpdate":false,"showSkybox":false,"showFlares":false,"showImageEffects":false,"showParticleSystems":false},"in2DMode":false,"pivot":{"x":7.450580596923828e-9,"y":2.3096799850463868e-7,"z":1.7881393432617188e-7},"rotation":{"x":-0.18965329229831696,"y":-0.002359122736379504,"z":0.0004556586209218949,"w":-0.9818481802940369},"size":1.9176973104476929,"orthographic":false}