{"cameraMode":{"drawMode":0,"name":"Shaded","section":"Shading Mode"},"sceneLighting":false,"audioPlay":false,"sceneViewState":{"showFog":true,"showMaterialUpdate":true,"showSkybox":true,"showFlares":true,"showImageEffects":true,"showParticleSystems":true},"in2DMode":false,"pivot":{"x":12.45599365234375,"y":-9.418994903564454,"z":14.973276138305664},"rotation":{"x":-0.27024805545806887,"y":0.4789884388446808,"z":-0.15783408284187318,"w":-0.8201369047164917},"size":78.71412658691406,"orthographic":false}