{"cameraMode":{"drawMode":0,"name":"Shaded","section":"Shading Mode"},"sceneLighting":false,"audioPlay":false,"sceneViewState":{"showFog":false,"showMaterialUpdate":false,"showSkybox":false,"showFlares":false,"showImageEffects":false,"showParticleSystems":false},"in2DMode":false,"pivot":{"x":-1.5886889696121216,"y":14.266701698303223,"z":-86.74750518798828},"rotation":{"x":-0.23070184886455537,"y":0.009337306953966618,"z":-0.0022140336222946645,"w":-0.9729771614074707},"size":102.82927703857422,"orthographic":true}