{"cameraMode":{"drawMode":0,"name":"Shaded","section":"Shading Mode"},"sceneLighting":false,"audioPlay":false,"sceneViewState":{"showFog":true,"showMaterialUpdate":true,"showSkybox":true,"showFlares":true,"showImageEffects":true,"showParticleSystems":true},"in2DMode":false,"pivot":{"x":-2.8233985900878908,"y":9.126543045043946,"z":3.2911148071289064},"rotation":{"x":-0.30787187814712527,"y":-0.6333184838294983,"z":0.30384278297424319,"w":-0.6417182683944702},"size":161.24574279785157,"orthographic":false}